created_utc,score,domain,id,title,author,ups,downs,num_comments,permalink,selftext,link_flair_text,over_18,thumbnail,subreddit_id,edited,link_flair_css_class,author_flair_css_class,is_self,name,url,distinguished
1353170672.0,208,imgur.com,13ctnn,Grandpa Lou doesn't mess around,FearofPunctuation,225,17,7,http://www.reddit.com/r/90scartoons/comments/13ctnn/grandpa_lou_doesnt_mess_around/,,,False,http://e.thumbs.redditmedia.com/u-l25vX_GVtKW4JF.jpg,t5_2ubx7,False,,tick,False,t3_13ctnn,http://imgur.com/tz9lz,
1361340952.0,186,imgur.com,18vff5,Rugrats Feels ,ninjabard88,202,16,15,http://www.reddit.com/r/90scartoons/comments/18vff5/rugrats_feels/,,,False,http://b.thumbs.redditmedia.com/xGj325hHKT05FmGy.jpg,t5_2ubx7,False,,,False,t3_18vff5,http://imgur.com/2Fj5DOs,
1366643286.0,175,i.imgur.com,1cv7bm,My friend saw this in Palmerston North, NZ",Pokelova,188,13,2,http://www.reddit.com/r/90scartoons/comments/1cv7bm/my_friend_saw_this_in_palmerston_north_nz/,,,False,default,t5_2ubx7,False,,bubbles,False,t3_1cv7bm,http://i.imgur.com/A7ga3sT.jpg,
1368113904.0,160,i.imgur.com,1e08bc,Cynthia? - via r/funny,FearofPunctuation,179,19,4,http://www.reddit.com/r/90scartoons/comments/1e08bc/cynthia_via_rfunny/,,,False,http://c.thumbs.redditmedia.com/MshxcJ7bdbuPIwn2.jpg,t5_2ubx7,False,,tick,False,t3_1e08bc,http://i.imgur.com/zHJsZQ7.jpg,
1369766227.0,156,i.imgur.com,1f7qcd,Cartoon cartoon's,FearofPunctuation,169,13,2,http://www.reddit.com/r/90scartoons/comments/1f7qcd/cartoon_cartoons/,,,False,http://d.thumbs.redditmedia.com/g3eVb4DsNgxCBlwo.jpg,t5_2ubx7,False,,tick,False,t3_1f7qcd,http://i.imgur.com/vYewRK0.gif,
1360109920.0,156,i.imgur.com,17yt68,90's desk(x-post from /r/pics),tinaburger92,167,11,4,http://www.reddit.com/r/90scartoons/comments/17yt68/90s_deskxpost_from_rpics/,,,False,http://d.thumbs.redditmedia.com/Xi2wgCoixtpPyahW.jpg,t5_2ubx7,False,,,False,t3_17yt68,http://i.imgur.com/kxII1Ar.jpg,
1370813448.0,151,24.media.tumblr.com,1g04u8,I still don't understand why Edd always ran away from her.,Wollfwood,164,13,12,http://www.reddit.com/r/90scartoons/comments/1g04u8/i_still_dont_understand_why_edd_always_ran_away/,,,False,http://a.thumbs.redditmedia.com/2sQ-vwbzfvpECrZB.jpg,t5_2ubx7,False,,,False,t3_1g04u8,http://24.media.tumblr.com/68b8b10ed28664236ca032708f35b78b/tumblr_mo3gs6k5zT1rizzsro1_1280.jpg,
1353869504.0,139,imgur.com,13rp0f,Johnny gets called out,FearofPunctuation,154,15,3,http://www.reddit.com/r/90scartoons/comments/13rp0f/johnny_gets_called_out/,,,False,http://b.thumbs.redditmedia.com/aYL-3Max2oPVB5fg.jpg,t5_2ubx7,False,,tick,False,t3_13rp0f,http://imgur.com/jGHFa,
1351726685.0,138,images1.wikia.nocookie.net,12ffjn,So did this bastard scare anyone else as much as he did me?,TelegramSam7,150,12,6,http://www.reddit.com/r/90scartoons/comments/12ffjn/so_did_this_bastard_scare_anyone_else_as_much_as/,,,False,http://d.thumbs.redditmedia.com/NOdqgU3kAXbwWEou.jpg,t5_2ubx7,False,,,False,t3_12ffjn,http://images1.wikia.nocookie.net/__cb20111215225325/rugrats/images/e/e3/Uio.jpg,
1368980422.0,129,i.imgur.com,1emwoi,Johnny Bravo on Grammar Nazis,FearofPunctuation,137,8,1,http://www.reddit.com/r/90scartoons/comments/1emwoi/johnny_bravo_on_grammar_nazis/,,,False,http://e.thumbs.redditmedia.com/o2vnOlQ2nZIC2AHX.jpg,t5_2ubx7,False,,tick,False,t3_1emwoi,http://i.imgur.com/Vy7nVOW.png,
1362336780.0,128,24.media.tumblr.com,19l6de,Assemble!,FearofPunctuation,136,8,2,http://www.reddit.com/r/90scartoons/comments/19l6de/assemble/,,,False,http://e.thumbs.redditmedia.com/bF91BkFJWF_UqSLR.jpg,t5_2ubx7,False,,tick,False,t3_19l6de,http://24.media.tumblr.com/63e3eb3af6b764b80dfded139aacb592/tumblr_mgdb84Uefs1r8dy8go1_500.gif,
1371087345.0,125,imgur.com,1g8lnn,Freakazoid and Cosgrove...,atticus138,137,12,6,http://www.reddit.com/r/90scartoons/comments/1g8lnn/freakazoid_and_cosgrove/,,,False,http://e.thumbs.redditmedia.com/pHu-ScGNkkIOIRBR.jpg,t5_2ubx7,False,,butthead,False,t3_1g8lnn,http://imgur.com/a/UTEil,
1346611528.0,122,i.imgur.com,z8nxr,Well played Powerpuff Girls. via /r/funny,FearofPunctuation,129,7,2,http://www.reddit.com/r/90scartoons/comments/z8nxr/well_played_powerpuff_girls_via_rfunny/,,,False,http://a.thumbs.redditmedia.com/G89vNVV66_mzYMM6.jpg,t5_2ubx7,False,,tick,False,t3_z8nxr,http://i.imgur.com/bGk57.jpg,
1364008384.0,114,i.imgur.com,1au9dj,Dammit Beavis, get down. ,atticus138,131,17,1,http://www.reddit.com/r/90scartoons/comments/1au9dj/dammit_beavis_get_down/,,,False,http://a.thumbs.redditmedia.com/OgtujLYS751Qokix.jpg,t5_2ubx7,False,,butthead,False,t3_1au9dj,http://i.imgur.com/keW661X.gif,
1365867764.0,108,i.imgur.com,1c9tei,Daria and Jane at MegaCon - via /r/cosplay,FearofPunctuation,126,18,5,http://www.reddit.com/r/90scartoons/comments/1c9tei/daria_and_jane_at_megacon_via_rcosplay/,,,False,http://b.thumbs.redditmedia.com/uhTqJh5v_UCcVE6g.jpg,t5_2ubx7,False,,tick,False,t3_1c9tei,http://i.imgur.com/SExa56y.jpg,
1359480554.0,111,imgur.com,17i6y8,Who misses this show? Not sure if its been posted yet. ,Smasherrr,132,21,14,http://www.reddit.com/r/90scartoons/comments/17i6y8/who_misses_this_show_not_sure_if_its_been_posted/,,,False,http://f.thumbs.redditmedia.com/IFWCC6Uc77nr5GFM.jpg,t5_2ubx7,False,,,False,t3_17i6y8,http://imgur.com/gallery/HW1rEai,
1360564317.0,110,qkme.me,18ao5e,What looks best with jeans?,obtuse_hypotenuse,119,9,1,http://www.reddit.com/r/90scartoons/comments/18ao5e/what_looks_best_with_jeans/,,,False,http://f.thumbs.redditmedia.com/4VQhIqe7OOOtiFpG.jpg,t5_2ubx7,False,,,False,t3_18ao5e,http://qkme.me/3sxtmw?id=230005832,
1376607473.0,106,i.imgur.com,1kg8zp,Rocko's Modern Life,toxicomano,122,16,4,http://www.reddit.com/r/90scartoons/comments/1kg8zp/rockos_modern_life/,,,False,http://e.thumbs.redditmedia.com/aRBHuumoSqxCDfLL.jpg,t5_2ubx7,False,,,False,t3_1kg8zp,http://i.imgur.com/cPNbT.jpg,
1370618678.0,106,i.imgur.com,1fv6xt,Santa's Little Snowball - via /r/funny,FearofPunctuation,117,11,4,http://www.reddit.com/r/90scartoons/comments/1fv6xt/santas_little_snowball_via_rfunny/,,,False,http://f.thumbs.redditmedia.com/FmZvwTKsipvOHr4e.jpg,t5_2ubx7,False,,tick,False,t3_1fv6xt,http://i.imgur.com/3BBw6EX.png,
1369100326.0,107,upload.wikimedia.org,1eqhue,Anybody else love how relaxed this cartoon was?,Thrill_Of_It,116,9,6,http://www.reddit.com/r/90scartoons/comments/1eqhue/anybody_else_love_how_relaxed_this_cartoon_was/,,,False,http://a.thumbs.redditmedia.com/5DRq3xQlZwTlwa1H.jpg,t5_2ubx7,False,,,False,t3_1eqhue,http://upload.wikimedia.org/wikipedia/en/thumb/e/eb/Sheepinthebigcity.png/250px-Sheepinthebigcity.png,
1370912567.0,102,i.imgur.com,1g34cl,Quinn's tattoo.,atticus138,111,9,1,http://www.reddit.com/r/90scartoons/comments/1g34cl/quinns_tattoo/,,,False,http://e.thumbs.redditmedia.com/ZQqLYq7lbZ0fmHJF.jpg,t5_2ubx7,False,,butthead,False,t3_1g34cl,http://i.imgur.com/mjkHx2L.jpg,
1367028869.0,98,i.imgur.com,1d70ki,Fry and Bender,atticus138,114,16,3,http://www.reddit.com/r/90scartoons/comments/1d70ki/fry_and_bender/,,,False,http://f.thumbs.redditmedia.com/lRPegIEZ9QeeXE-k.jpg,t5_2ubx7,False,,butthead,False,t3_1d70ki,http://i.imgur.com/kLVg7mC.jpg,
1364713580.0,100,chud.com,1bck61,Netflix Adds Powerpuff Girls, Dexter's Laboratory and More",FearofPunctuation,106,6,4,http://www.reddit.com/r/90scartoons/comments/1bck61/netflix_adds_powerpuff_girls_dexters_laboratory/,,,False,http://d.thumbs.redditmedia.com/FROUTkCvMoAfQfW3.jpg,t5_2ubx7,False,,tick,False,t3_1bck61,http://www.chud.com/130774
